, Deepseek 67B Conversation-Improved CV Scalable PM Score, GPT-35 Conversation-Improved CV Scalable PM Score, GPT-4o Conversation-Improved CV Scalable PM Score, Mixtral-8x7B-Instruct-v0.1 Conversation-Improved CV Scalable PM Score, Meta-Llama-3-70B-Instruct-Turbo Conversation-Improved CV Scalable PM Score, claude-3-5-sonnet Conversation-Improved CV Scalable PM Score,True Label
0,78.973,78.1,80.888,78.319,80.036,80.873,0
1,78.973,79.949,78.971,79.563,78.221,79.425,0
2,78.267,77.308,81.317,80.517,79.216,80.481,0
3,80.714,77.437,81.587,80.924,81.13,80.928,0
4,79.001,79.667,77.755,77.857,77.651,77.41,0
5,80.249,81.948,81.901,79.302,80.966,79.645,0
6,79.934,78.173,81.034,77.334,77.124,79.996,0
7,79.942,79.161,80.817,80.064,78.274,82.168,0
8,79.942,81.337,83.129,82.473,83.424,82.626,0
9,78.874,80.146,79.227,80.508,79.195,80.156,0
10,75.974,78.528,82.287,82.417,79.263,81.529,0
11,80.789,81.831,79.881,76.065,79.355,80.021,0
12,86.813,85.504,81.266,80.809,81.694,80.688,0
13,82.019,82.678,79.799,77.81,79.044,79.324,0
14,81.204,81.319,78.529,78.173,76.855,79.597,0
15,78.846,79.762,81.276,79.063,79.401,78.191,0
16,81.444,81.575,75.664,76.509,78.266,77.775,0
17,79.298,78.511,81.65,79.123,79.16,79.032,0
18,82.463,81.646,80.095,79.085,78.739,79.73,0
19,80.459,78.482,79.615,77.31,77.896,81.713,0
20,80.132,79.489,76.975,75.885,78.275,78.5,0
21,78.492,78.661,80.143,77.105,78.895,79.79,0
22,80.54,80.262,81.631,79.266,80.402,81.357,0
23,80.605,79.497,79.703,78.078,79.755,79.855,0
24,77.581,76.452,80.732,80.864,78.855,81.922,0
25,79.826,78.553,80.636,77.506,77.898,77.933,0
26,78.781,76.95,78.654,78.949,78.626,80.742,0
27,78.481,79.583,81.49,80.046,78.867,79.994,0
28,83.602,80.908,79.664,80.146,81.206,81.529,0
29,80.093,78.499,80.928,80.842,80.239,81.595,0
30,80.216,81.876,80.928,80.842,80.239,81.899,0
31,80.951,77.219,79.963,78.814,79.14,78.069,0
32,79.945,80.717,83.63,80.857,80.768,83.608,0
33,78.743,79.728,76.175,77.666,77.257,77.852,0
34,77.344,77.847,82.34,82.171,82.493,83.87,0
35,78.456,79.05,81.293,81.23,80.79,81.029,0
36,77.442,76.058,82.464,83.893,83.895,84.459,0
37,78.707,78.043,75.793,73.489,77.74,74.648,0
38,79.08,78.128,82.37,82.208,81.282,81.01,0
39,77.359,79.1,74.465,76.497,77.222,76.402,0
40,77.063,75.931,84.829,84.464,83.976,83.477,0
41,77.2,78.671,84.204,82.062,83.008,84.183,0
42,80.56,79.961,79.209,79.323,77.99,78.642,0
43,79.332,78.417,80.299,77.706,79.545,81.08,0
44,79.39,77.859,81.631,78.529,80.449,79.57,0
45,78.273,78.152,81.703,80.556,81.082,81.816,0
46,79.318,77.621,80.467,77.892,80.552,80.223,0
47,80.501,80.207,78.429,75.626,80.43,79.703,0
48,79.961,82.671,83.565,82.515,82.303,83.459,0
49,82.065,77.513,80.607,79.692,83.417,80.958,0
50,79.581,78.03,77.944,77.357,76.897,79.471,1
51,82.462,81.955,84.625,83.071,82.012,84.565,1
52,76.308,77.499,82.649,82.814,83.652,82.802,1
53,81.667,80.164,81.734,83.534,83.818,81.832,1
54,81.301,81.858,79.517,80.113,80.981,79.993,1
55,82.732,83.117,80.442,80.846,80.737,81.399,1
56,77.76,73.767,80.149,80.571,80.541,82.418,1
57,82.481,81.227,79.28,77.692,81.653,80.063,1
58,77.336,75.303,83.661,84.427,84.387,84.721,1
59,82.747,83.749,83.853,81.815,82.523,83.065,1
60,82.914,82.737,78.928,79.418,78.607,79.135,1
61,78.01,79.429,80.549,78.813,78.84,77.799,1
62,80.126,77.171,78.487,75.603,78.536,77.227,1
63,79.293,79.387,78.625,71.722,79.533,81.676,1
64,80.39,80.079,78.289,79.407,76.93,82.154,1
65,81.665,79.561,80.55,79.663,82.144,80.792,1
66,77.865,78.217,80.786,79.61,79.246,78.704,1
67,82.469,80.552,77.402,78.167,79.928,78.374,1
68,82.36,82.613,82.38,81.566,82.26,82.305,1
69,79.269,77.747,79.366,78.827,78.58,78.931,1
70,82.16,81.435,84.101,83.586,82.194,83.561,1
71,81.905,84.066,84.121,82.356,82.392,83.322,1
72,84.055,81.124,82.708,81.984,82.372,82.661,1
73,80.337,79.455,79.513,73.606,78.862,82.821,1
74,80.456,80.945,80.919,77.696,79.913,78.137,1
75,81.048,79.286,80.733,80.703,80.932,81.436,1
76,78.82,79.912,74.921,75.847,77.276,77.099,1
77,81.02,85.181,83.405,83.036,83.827,83.881,1
78,80.784,82.069,80.344,80.553,79.612,79.547,1
79,82.008,79.884,81.854,80.684,79.688,80.445,1
80,84.605,83.765,77.14,76.212,77.125,75.549,1
81,81.868,79.826,81.69,81.501,82.975,82.726,1
82,82.184,78.953,86.949,85.36,86.534,84.468,1
83,79.277,78.538,84.42,83.141,80.83,80.57,1
84,82.576,80.645,80.762,79.388,82.572,82.155,1
85,81.089,79.935,78.174,78.6,78.583,77.952,1
86,81.69,82.418,82.2,81.005,82.17,81.295,1
87,81.42,82.131,77.889,77.831,79.265,79.756,1
88,84.35,82.259,79.031,81.826,80.851,80.401,1
89,81.782,82.472,81.071,78.619,78.269,79.486,1
90,82.84,81.78,79.139,80.534,79.862,80.434,1
91,82.866,82.413,83.154,81.37,82.398,83.442,1
92,78.722,78.864,81.61,80.914,81.126,81.811,1
93,79.105,80.105,80.208,80.675,81.971,80.386,1
94,81.722,81.8,78.705,78.52,79.444,79.407,1
95,78.01,75.872,81.389,81.995,82.323,83.183,1
96,83.81,83.266,80.448,79.74,81.762,81.424,1
97,81.568,80.408,83.983,82.986,80.523,81.106,1
98,80.487,80.755,81.146,80.129,82.592,83.164,1
